n,h
1,1.0
2,3.0
3,5.0
4,7.0
5,9.0
6,11.0
7,13.0
8,15.166666666666666
9,17.363636363636363
10,20.0
11,21.5
12,24.0
13,25.76923076923077
14,27.857142857142858
15,30.0
16,32.0
17,34.0
18,36.4
19,38.0
20,40.42857142857143
21,42.5
22,45.333333333333336
23,48.18181818181818
24,50.22222222222222
25,52.0
26,55.0
27,56.8
28,59.166666666666664
29,61.833333333333336
30,63.666666666666664
31,66.44444444444444
32,68.75
33,72.33333333333333
34,74.0
35,76.77777777777777
36,78.625
37,81.06666666666666
38,84.0
39,86.5
40,88.4
41,91.375
42,93.83333333333333
43,95.18181818181819
44,99.33333333333333
45,101.46153846153847
46,104.0
47,106.33333333333333
48,109.16666666666667
49,109.42857142857143
50,114.88888888888889
51,115.4
52,119.4
53,122.5
54,124.0909090909091
55,126.66666666666667
56,130.16666666666666
57,132.83333333333334
58,134.71428571428572
59,137.85714285714286
60,141.2
61,142.8
62,145.33333333333334
63,147.75
64,151.0
65,152.375
66,156.9
67,159.66666666666666
68,161.0
69,164.54545454545453
70,167.125
71,170.5
72,173.44444444444446
73,175.16666666666666
74,177.625
75,180.07692307692307
76,182.5
77,186.44444444444446
78,188.11111111111111
79,191.25
80,193.0909090909091
81,197.0
82,200.8
83,203.75
84,204.11111111111111
85,206.75
86,210.2
87,211.0
88,215.6
89,218.78571428571428
90,222.66666666666666
91,223.22222222222223
92,227.75
93,228.75
94,231.88888888888889
95,234.2
96,237.4
97,241.57142857142858
98,242.71428571428572
99,243.66666666666666
100,248.28571428571428
101,252.0625
102,252.0625
103,257.6666666666667
104,259.9
105,263.14285714285717
106,265.9230769230769
107,265.9230769230769
108,270.25
109,274.75
110,276.75
111,280.15384615384613
112,280.15384615384613
113,285.0
114,286.14285714285717
115,289.6
116,294.3
117,297.1666666666667
118,300.8888888888889
119,301.75
120,304.6666666666667
121,307.6666666666667
122,312.1666666666667
123,313.42857142857144
124,313.5
125,318.8333333333333
126,321.14285714285717
127,324.55555555555554
128,326.75
129,330.6923076923077
130,330.8333333333333
131,334.375
132,338.8333333333333
133,342.0
134,342.625
135,346.125
136,347.0
137,351.8333333333333
138,354.6
139,358.6666666666667
140,361.6
141,364.5
142,369.8181818181818
143,370.0
144,371.8
145,374.0
146,378.1333333333333
147,379.375
148,385.7857142857143
149,387.3
150,392.85714285714283
151,393.0
152,397.0
153,397.8
154,401.3333333333333
155,405.5
156,407.9
157,410.6666666666667
158,414.25
159,416.8
160,417.7142857142857
161,420.875
162,425.625
163,426.5
164,430.3076923076923
165,432.5
166,437.4
167,439.7
168,443.57142857142856
169,446.1111111111111
170,447.8
171,450.6
172,452.5
173,453.6666666666667
174,458.0
175,460.1666666666667
176,465.6666666666667
177,468.77777777777777
178,471.4
179,474.14285714285717
180,477.3333333333333
181,481.4
182,483.45454545454544
183,485.0
184,489.55555555555554
185,495.8125
186,495.8125
187,497.8333333333333
188,498.75
189,502.0
190,506.7142857142857
191,509.3333333333333
192,511.0
193,516.0384615384614
194,516.0384615384614
195,517.0
196,525.1
197,528.5714285714286
198,528.5714285714286
199,533.8
200,533.8
201,538.3333333333334
202,541.5714285714286
203,543.9
204,548.75
205,549.2727272727273
206,554.1666666666666
207,555.2
208,558.3333333333334
209,559.3636363636364
210,566.1818181818181
211,566.6153846153846
212,569.0
213,574.5
214,577.5714285714286
215,578.6666666666666
216,583.6363636363636
217,583.6363636363636
218,586.9166666666666
219,592.6
220,592.6
221,596.5714285714286
222,603.7142857142857
223,604.2222222222222
224,607.0
225,609.6666666666666
226,612.125
227,618.3333333333334
228,621.8
229,624.4375
230,624.4375
231,629.1428571428571
232,629.3333333333334
233,635.2222222222222
234,636.1666666666666
235,641.4615384615385
236,641.4615384615385
237,647.4285714285714
238,648.8888888888889
239,653.2727272727273
240,654.5
241,656.4
242,662.5
243,663.6666666666666
244,664.875
245,669.75
246,672.6666666666666
247,675.8888888888889
248,678.2222222222222
249,681.75
250,683.8333333333334
251,685.0
252,691.6666666666666
253,693.7272727272727
254,697.3333333333334
255,698.4545454545455
256,705.5
257,708.25
258,708.25
259,711.7142857142857
260,714.375
261,718.0666666666667
262,720.7142857142857
263,721.75
264,722.25
265,730.75
266,732.0
267,736.3333333333334
268,737.25
269,738.8333333333334
270,743.9
271,745.375
272,749.6666666666666
273,754.3333333333334
274,756.8666666666667
275,760.5555555555555
276,765.4285714285714
277,765.4285714285714
278,765.8333333333334
279,772.0
280,774.5555555555555
281,776.6
282,780.5714285714286
283,783.3333333333334
284,787.3333333333334
285,789.1818181818181
286,792.1428571428571
287,795.4
288,796.875
289,802.8888888888889
290,806.25
291,810.6666666666666
292,810.6666666666666
293,814.0
294,817.3
295,822.5
296,822.5
297,824.6666666666666
298,829.6666666666666
299,830.5555555555555
300,835.625
301,839.0
302,841.0
303,845.5
304,848.3
305,848.6
306,853.8333333333334
307,858.1428571428571
308,861.625
309,863.0
310,865.4444444444445
311,868.2
312,871.8888888888889
313,875.8181818181819
314,879.25
315,885.4
316,885.4
317,888.7647058823529
318,888.7647058823529
319,895.3636363636364
320,898.3333333333334
321,898.3333333333334
322,903.875
323,905.0
324,911.1111111111111
325,915.3333333333334
326,917.5454545454545
327,917.5454545454545
328,919.8333333333334
329,925.8
330,926.8181818181819
331,932.5555555555555
332,934.25
333,938.2857142857143
334,940.7142857142857
335,945.6666666666666
336,945.8
337,953.1428571428571
338,954.2222222222222
339,956.0833333333334
340,956.7142857142857
341,962.5
342,965.1818181818181
343,968.0
344,970.25
345,970.625
346,979.0
347,981.5
348,984.4444444444445
349,985.5
350,988.7142857142857
351,993.1111111111111
352,1000.5
353,1000.5
354,1000.875
355,1007.2857142857143
356,1008.1666666666666
357,1013.0
358,1015.0
359,1015.8
360,1022.8571428571429
361,1024.6
362,1029.0666666666666
363,1029.0666666666666
364,1034.5333333333333
365,1034.5333333333333
366,1037.875
367,1047.25
368,1049.375
369,1050.0
370,1050.0
371,1058.388888888889
372,1058.388888888889
373,1060.6
374,1065.5
375,1066.8
376,1072.5714285714287
377,1075.0
378,1078.0
379,1082.7
380,1082.7
381,1086.2307692307693
382,1089.857142857143
383,1095.1666666666667
384,1098.08
385,1098.08
386,1098.08
387,1102.8
388,1104.6666666666667
389,1109.0
390,1114.7777777777778
391,1118.8
392,1123.5714285714287
393,1123.5714285714287
394,1125.125
395,1133.4444444444443
396,1137.0
397,1138.6
398,1143.55
399,1143.55
400,1147.25
401,1150.0
402,1155.3333333333333
403,1156.3636363636363
404,1157.4
405,1161.0
406,1164.75
407,1168.3333333333333
408,1173.4117647058824
409,1173.4117647058824
410,1177.4
411,1181.3333333333333
412,1186.6666666666667
413,1187.375
414,1190.5555555555557
415,1191.3333333333333
416,1195.6666666666667
417,1201.1666666666667
418,1204.7142857142858
419,1205.5714285714287
420,1208.6666666666667
421,1214.7692307692307
422,1215.142857142857
423,1219.4285714285713
424,1220.7777777777778
425,1225.75
426,1228.2666666666667
427,1230.6
428,1234.090909090909
429,1241.5833333333333
430,1243.5
431,1245.1764705882354
432,1245.1764705882354
433,1250.7142857142858
434,1257.375
435,1258.0
436,1260.4
437,1260.8
438,1269.2
439,1271.6842105263158
440,1271.6842105263158
441,1276.2
442,1279.1666666666667
443,1283.6666666666667
444,1284.875
445,1284.875
446,1292.6666666666667
447,1295.375
448,1295.375
449,1300.0
450,1300.0
451,1307.8181818181818
452,1310.625
453,1311.375
454,1314.5
455,1322.375
456,1327.0
457,1330.25
458,1330.25
459,1331.875
460,1337.25
461,1340.4
462,1344.4285714285713
463,1350.0
464,1351.6
465,1353.7142857142858
466,1359.3636363636363
467,1361.0666666666666
468,1361.0666666666666
469,1363.8
470,1366.6666666666667
471,1366.6666666666667
472,1377.375
473,1380.4
474,1380.4
475,1386.8
476,1387.5
477,1393.6666666666667
478,1394.8333333333333
479,1398.0588235294117
480,1398.0588235294117
481,1402.0
482,1402.0
483,1409.2
484,1413.3636363636363
485,1414.75
486,1423.5384615384614
487,1428.7368421052631
488,1428.7368421052631
489,1433.076923076923
490,1433.076923076923
491,1433.3333333333333
492,1436.3333333333333
493,1443.0
494,1446.25
495,1446.7777777777778
496,1446.7777777777778
497,1457.375
498,1458.9411764705883
499,1458.9411764705883
500,1464.8181818181818
501,1464.8181818181818
502,1471.25
503,1477.8333333333333
504,1479.8333333333333
505,1483.4
506,1483.4
507,1483.909090909091
508,1488.1
509,1493.125
510,1500.2666666666667
511,1500.2666666666667
512,1503.0833333333333
513,1504.875
514,1510.625
515,1510.625
516,1513.3333333333333
517,1522.8
518,1529.6153846153845
519,1529.6153846153845
520,1530.6666666666667
521,1534.3333333333333
522,1535.142857142857
523,1541.0
524,1542.2
525,1549.5
526,1551.8333333333333
527,1551.8333333333333
528,1552.3333333333333
529,1560.1
530,1564.578947368421
531,1564.578947368421
532,1565.888888888889
533,1570.0
534,1576.4705882352941
535,1576.4705882352941
536,1580.3333333333333
537,1587.5
538,1589.0
539,1594.6666666666667
540,1594.6666666666667
541,1594.6666666666667
542,1600.3636363636363
543,1605.4285714285713
544,1607.0
545,1607.0
546,1614.9
547,1619.375
548,1623.7142857142858
549,1624.5
550,1625.857142857143
551,1632.6666666666667
552,1635.3333333333333
553,1637.8333333333333
554,1637.8333333333333
555,1641.8333333333333
556,1651.4285714285713
557,1651.75
558,1652.625
559,1656.4285714285713
560,1665.3125
561,1665.3125
562,1665.923076923077
563,1668.3636363636363
564,1672.6666666666667
565,1675.75
566,1678.2
567,1682.4285714285713
568,1685.25
569,1691.142857142857
570,1691.2
571,1697.3125
572,1697.3125
573,1704.142857142857
574,1705.75
575,1709.0
576,1709.857142857143
577,1715.8461538461538
578,1715.8461538461538
579,1721.6666666666667
580,1721.6666666666667
581,1730.75
582,1731.111111111111
583,1732.8461538461538
584,1737.0
585,1741.0
586,1745.2
587,1745.2
588,1752.357142857143
589,1752.357142857143
590,1757.3333333333333
591,1759.25
592,1766.5
593,1770.8181818181818
594,1770.8181818181818
595,1776.1
596,1776.7272727272727
597,1780.4285714285713
598,1790.076923076923
599,1790.076923076923
600,1790.5
601,1793.090909090909
602,1797.6666666666667
603,1797.7272727272727
604,1797.7272727272727
605,1805.15
606,1805.15
607,1814.5
608,1820.5
609,1821.6
610,1822.0
611,1824.7272727272727
612,1824.7272727272727
613,1832.6666666666667
614,1835.4
615,1840.8461538461538
616,1845.0
617,1847.6666666666667
618,1851.5
619,1855.7857142857142
620,1856.090909090909
621,1863.0
622,1863.7142857142858
623,1865.4
624,1868.857142857143
625,1875.076923076923
626,1875.076923076923
627,1876.2857142857142
628,1882.6153846153845
629,1886.25
630,1886.25
631,1895.2105263157894
632,1895.2105263157894
633,1900.8461538461538
634,1900.8461538461538
635,1908.7777777777778
636,1908.7777777777778
637,1910.5555555555557
638,1920.3125
639,1920.3125
640,1924.5714285714287
641,1924.5714285714287
642,1933.8461538461538
643,1933.8461538461538
644,1935.2
645,1940.2307692307693
646,1942.8333333333333
647,1942.8333333333333
648,1945.4615384615386
649,1949.375
650,1955.090909090909
651,1955.6
652,1964.0625
653,1964.0625
654,1964.0625
655,1976.7
656,1976.7
657,1976.7
658,1976.8333333333333
659,1986.0
660,1987.0
661,1987.0
662,1995.1
663,1998.2222222222222
664,2000.4
665,2004.6
666,2004.6
667,2005.2
668,2012.2857142857142
669,2018.4
670,2026.0454545454545
671,2026.0454545454545
672,2026.0454545454545
673,2032.923076923077
674,2036.111111111111
675,2037.2
676,2038.7272727272727
677,2038.7272727272727
678,2049.3333333333335
679,2051.5833333333335
680,2051.5833333333335
681,2061.6
682,2063.185185185185
683,2063.185185185185
684,2063.185185185185
685,2066.3333333333335
686,2082.222222222222
687,2082.222222222222
688,2082.3333333333335
689,2082.3333333333335
690,2085.1428571428573
691,2095.0
692,2095.4
693,2100.0
694,2100.0
695,2102.2
696,2106.5555555555557
697,2111.125
698,2111.125
699,2122.3333333333335
700,2129.0
701,2129.0
702,2129.0
703,2130.7
704,2137.6666666666665
705,2137.6666666666665
706,2142.0
707,2144.6
708,2145.1428571428573
709,2148.4444444444443
710,2157.9411764705883
711,2157.9411764705883
712,2160.8571428571427
713,2168.0
714,2168.0
715,2171.8571428571427
716,2172.1428571428573
717,2172.1428571428573
718,2174.75
719,2179.625
720,2190.8636363636365
721,2190.8636363636365
722,2197.0
723,2197.0
724,2202.0
725,2212.6315789473683
726,2212.6315789473683
727,2212.6315789473683
728,2213.285714285714
729,2222.25
730,2222.25
731,2230.0833333333335
732,2230.0833333333335
733,2230.0833333333335
734,2241.28
735,2241.28
736,2241.28
737,2241.28
738,2241.28
739,2251.3333333333335
740,2251.3333333333335
741,2259.5
742,2263.0
743,2268.904761904762
744,2268.904761904762
745,2268.904761904762
746,2279.6428571428573
747,2279.6428571428573
748,2282.0
749,2283.769230769231
750,2283.769230769231
751,2283.769230769231
752,2300.25
753,2302.5714285714284
754,2303.4444444444443
755,2303.75
756,2308.7
757,2308.7
758,2308.7
759,2322.5333333333333
760,2322.5333333333333
761,2323.6666666666665
762,2323.6666666666665
763,2332.6363636363635
764,2332.6363636363635
765,2332.6666666666665
766,2350.7083333333335
767,2350.7083333333335
768,2350.7083333333335
769,2351.3333333333335
770,2358.0
771,2361.777777777778
772,2361.777777777778
773,2372.0
774,2374.266666666667
775,2374.266666666667
776,2379.285714285714
777,2382.133333333333
778,2382.133333333333
779,2385.0
780,2390.625
781,2397.0
782,2397.0
783,2399.8571428571427
784,2404.0
785,2408.1428571428573
786,2410.0555555555557
787,2410.0555555555557
788,2420.3888888888887
789,2420.3888888888887
790,2424.5555555555557
791,2431.3
792,2434.25
793,2441.8333333333335
794,2444.0625
795,2444.0625
796,2451.16
797,2451.16
798,2451.16
799,2453.25
800,2453.8888888888887
801,2458.8571428571427
802,2464.5384615384614
803,2464.5384615384614
804,2464.5384615384614
805,2477.3333333333335
806,2482.714285714286
807,2482.714285714286
808,2485.3333333333335
809,2493.1176470588234
810,2493.1176470588234
811,2498.8
812,2498.8
813,2509.8888888888887
814,2509.8888888888887
815,2510.222222222222
816,2515.3076923076924
817,2515.3076923076924
818,2519.6
819,2521.5714285714284
820,2525.285714285714
821,2525.8
822,2533.25
823,2535.9
824,2539.285714285714
825,2542.285714285714
826,2547.6666666666665
827,2547.769230769231
828,2547.769230769231
829,2560.9
830,2563.5
831,2564.153846153846
832,2564.153846153846
833,2572.6190476190477
834,2572.6190476190477
835,2575.5555555555557
836,2582.9166666666665
837,2582.9166666666665
838,2583.125
839,2583.125
840,2593.8888888888887
841,2595.7
842,2602.6875
843,2602.6875
844,2604.1666666666665
845,2613.769230769231
846,2613.769230769231
847,2621.0
848,2621.0
849,2627.1
850,2627.2105263157896
851,2627.2105263157896
852,2634.375
853,2640.714285714286
854,2640.714285714286
855,2647.285714285714
856,2647.285714285714
857,2647.4
858,2647.4
859,2663.1785714285716
860,2663.1785714285716
861,2663.1785714285716
862,2668.4444444444443
863,2673.4444444444443
864,2677.0
865,2683.4545454545455
866,2687.090909090909
867,2687.090909090909
868,2692.235294117647
869,2692.235294117647
870,2692.235294117647
871,2699.5
872,2705.8684210526317
873,2705.8684210526317
874,2705.8684210526317
875,2705.8684210526317
876,2716.6666666666665
877,2716.6666666666665
878,2716.6666666666665
879,2724.5
880,2729.0
881,2737.7272727272725
882,2737.7272727272725
883,2744.5882352941176
884,2744.5882352941176
885,2744.777777777778
886,2757.2
887,2757.2
888,2759.25
889,2759.25
890,2767.4
891,2767.4
892,2772.705882352941
893,2772.705882352941
894,2780.3888888888887
895,2780.3888888888887
896,2780.3888888888887
897,2786.8
898,2789.1428571428573
899,2793.125
900,2797.1111111111113
901,2807.8
902,2807.8
903,2810.0
904,2810.2727272727275
905,2813.25
906,2818.909090909091
907,2825.5714285714284
908,2825.5714285714284
909,2826.153846153846
910,2826.153846153846
911,2832.5555555555557
912,2833.3846153846152
913,2845.0555555555557
914,2845.0555555555557
915,2851.8888888888887
916,2851.8888888888887
917,2855.3529411764707
918,2855.3529411764707
919,2857.3333333333335
920,2871.9444444444443
921,2871.9444444444443
922,2877.0
923,2879.7
924,2881.6666666666665
925,2886.1428571428573
926,2886.1428571428573
927,2886.1428571428573
928,2890.1666666666665
929,2899.2
930,2899.2
931,2904.5
932,2904.5
933,2913.1666666666665
934,2914.5
935,2914.5
936,2919.0
937,2921.3333333333335
938,2933.1666666666665
939,2937.0
940,2940.375
941,2941.5333333333333
942,2941.5333333333333
943,2945.0
944,2956.3333333333335
945,2956.3333333333335
946,2959.25
947,2959.25
948,2959.25
949,2969.285714285714
950,2971.0
951,2973.25
952,2976.090909090909
953,2977.3333333333335
954,2981.909090909091
955,2981.909090909091
956,2995.3333333333335
957,2995.9333333333334
958,2995.9333333333334
959,3002.75
960,3006.4
961,3006.4
962,3014.793103448276
963,3014.793103448276
964,3014.793103448276
965,3026.45
966,3026.45
967,3032.3571428571427
968,3034.1
969,3040.0714285714284
970,3040.3076923076924
971,3040.3076923076924
972,3043.5555555555557
973,3043.5555555555557
974,3050.0
975,3056.157894736842
976,3056.157894736842
977,3056.157894736842
978,3070.4347826086955
979,3070.4347826086955
980,3070.4347826086955
981,3080.0
982,3084.4285714285716
983,3084.4285714285716
984,3093.3
985,3094.25
986,3095.5714285714284
987,3097.315789473684
988,3097.315789473684
989,3097.315789473684
990,3103.875
991,3107.090909090909
992,3107.090909090909
993,3119.5238095238096
994,3119.5238095238096
995,3125.3529411764707
996,3125.3529411764707
997,3132.222222222222
998,3138.9285714285716
999,3138.9285714285716
1000,3148.090909090909
1001,3148.090909090909
1002,3153.1
1003,3155.6
1004,3160.4285714285716
1005,3160.4285714285716
1006,3160.4285714285716
1007,3166.0
1008,3169.5714285714284
1009,3173.5555555555557
1010,3173.5555555555557
1011,3179.5555555555557
1012,3188.0
1013,3188.25
1014,3189.4166666666665
1015,3196.181818181818
1016,3196.181818181818
1017,3196.181818181818
1018,3205.6428571428573
1019,3205.6428571428573
1020,3206.9285714285716
1021,3212.0833333333335
1022,3215.3333333333335
1023,3224.6666666666665
1024,3225.6666666666665
1025,3235.777777777778
1026,3235.777777777778
1027,3235.777777777778
1028,3236.4
1029,3249.4545454545455
1030,3249.4545454545455
1031,3249.4545454545455
1032,3257.2
1033,3257.2
1034,3264.5666666666666
1035,3264.5666666666666
1036,3264.5666666666666
1037,3273.8
1038,3278.1428571428573
1039,3282.96
1040,3282.96
1041,3283.714285714286
1042,3291.375
1043,3291.375
1044,3297.1
1045,3297.1
1046,3297.1
1047,3307.25
1048,3311.6470588235293
1049,3311.6470588235293
1050,3313.9
1051,3323.529411764706
1052,3323.529411764706
1053,3325.5384615384614
1054,3325.5384615384614
1055,3329.1666666666665
1056,3338.75
1057,3345.6428571428573
1058,3345.6428571428573
1059,3345.6428571428573
1060,3350.1428571428573
1061,3352.153846153846
1062,3357.0
1063,3365.6363636363635
1064,3365.6363636363635
1065,3369.85
1066,3369.85
1067,3379.7272727272725
1068,3379.7272727272725
1069,3379.7272727272725
1070,3383.5
1071,3386.0
1072,3391.714285714286
1073,3394.0
1074,3398.6153846153848
1075,3398.6153846153848
1076,3407.0
1077,3409.0
1078,3409.0
1079,3409.0
1080,3422.0
1081,3423.818181818182
1082,3426.0833333333335
1083,3437.4285714285716
1084,3437.4285714285716
1085,3441.6875
1086,3441.6875
1087,3441.8571428571427
1088,3451.470588235294
1089,3451.470588235294
1090,3456.125
1091,3465.1739130434785
1092,3465.1739130434785
1093,3465.1739130434785
1094,3466.714285714286
1095,3472.8571428571427
1096,3480.222222222222
1097,3480.222222222222
1098,3484.375
1099,3484.5833333333335
1100,3484.6666666666665
1101,3492.4
1102,3492.4285714285716
1103,3510.2727272727275
1104,3510.2727272727275
1105,3511.0
1106,3512.7272727272725
1107,3518.5714285714284
1108,3520.6
1109,3522.8947368421054
1110,3522.8947368421054
1111,3530.1052631578946
1112,3530.1052631578946
1113,3537.35
1114,3537.35
1115,3542.222222222222
1116,3550.875
1117,3550.875
1118,3550.875
1119,3550.875
1120,3559.3333333333335
1121,3559.3333333333335
1122,3559.3333333333335
1123,3567.3
1124,3571.6363636363635
1125,3581.5
1126,3585.7741935483873
1127,3585.7741935483873
1128,3585.7741935483873
1129,3585.7741935483873
1130,3598.8
1131,3598.8
1132,3606.0
1133,3607.2727272727275
1134,3607.2727272727275
1135,3612.25
1136,3622.9545454545455
1137,3622.9545454545455
1138,3624.875
1139,3624.875
1140,3624.875
1141,3635.1176470588234
1142,3635.1176470588234
1143,3644.1875
1144,3644.1875
1145,3648.8
1146,3654.4444444444443
1147,3659.3571428571427
1148,3659.3571428571427
1149,3659.3571428571427
1150,3673.0454545454545
1151,3673.0454545454545
1152,3673.0454545454545
1153,3675.4
1154,3681.75
1155,3685.6666666666665
1156,3686.8571428571427
1157,3689.0
1158,3693.8333333333335
1159,3699.1428571428573
1160,3701.875
1161,3706.0833333333335
1162,3706.0833333333335
1163,3706.0833333333335
1164,3714.9411764705883
1165,3714.9411764705883
1166,3720.3571428571427
1167,3720.3571428571427
1168,3734.0
1169,3734.375
1170,3735.2
1171,3744.090909090909
1172,3749.75
1173,3752.40625
1174,3752.40625
1175,3752.40625
1176,3752.40625
1177,3763.40625
1178,3763.40625
1179,3763.40625
1180,3770.5
1181,3772.2
1182,3778.5
1183,3779.0
1184,3779.0
1185,3791.5
1186,3804.7727272727275
1187,3804.7727272727275
1188,3804.7727272727275
1189,3804.7727272727275
1190,3809.75
1191,3809.75
1192,3816.125
1193,3816.125
1194,3817.625
1195,3822.285714285714
1196,3822.6666666666665
1197,3826.5384615384614
1198,3826.5384615384614
1199,3833.0
1200,3833.0
1201,3844.3
1202,3849.4285714285716
1203,3849.4285714285716
1204,3856.3
1205,3857.4285714285716
1206,3867.0
1207,3867.0
1208,3868.875
1209,3869.3636363636365
1210,3874.6
1211,3884.137931034483
1212,3884.137931034483
1213,3884.137931034483
1214,3890.1111111111113
1215,3895.4444444444443
1216,3895.4444444444443
1217,3903.46875
1218,3903.46875
1219,3903.46875
1220,3916.0
1221,3918.0
1222,3920.529411764706
1223,3920.529411764706
1224,3925.8125
1225,3925.8125
1226,3926.090909090909
1227,3934.2
1228,3937.0
1229,3947.5714285714284
1230,3953.0
1231,3953.0714285714284
1232,3953.0714285714284
1233,3960.4736842105262
1234,3960.4736842105262
1235,3963.6666666666665
1236,3974.176470588235
1237,3974.176470588235
1238,3977.714285714286
1239,3981.0
1240,3990.409090909091
1241,3990.409090909091
1242,3990.409090909091
1243,3997.1
1244,3997.1
1245,4004.28
1246,4004.28
1247,4007.1428571428573
1248,4012.0
1249,4018.4285714285716
1250,4018.4285714285716
1251,4029.0555555555557
1252,4029.0555555555557
1253,4032.6666666666665
1254,4034.125
1255,4036.6666666666665
1256,4036.6666666666665
1257,4046.25
1258,4053.875
1259,4056.9166666666665
1260,4056.9166666666665
1261,4056.9166666666665
1262,4067.8684210526317
1263,4067.8684210526317
1264,4067.8684210526317
1265,4067.8684210526317
1266,4073.714285714286
1267,4082.3478260869565
1268,4082.3478260869565
1269,4082.3478260869565
1270,4087.625
1271,4102.35294117647
1272,4102.35294117647
1273,4105.153846153846
1274,4109.25
1275,4111.714285714285
1276,4111.714285714285
1277,4118.0
1278,4125.125
1279,4125.125
1280,4127.857142857143
1281,4140.666666666667
1282,4142.4
1283,4142.4
1284,4142.4
1285,4154.457142857143
1286,4154.457142857143
1287,4154.457142857143
1288,4154.457142857143
1289,4154.457142857143
1290,4156.923076923077
1291,4156.923076923077
1292,4170.055555555556
1293,4170.055555555556
1294,4178.333333333333
1295,4182.5
1296,4183.545454545455
1297,4193.555555555556
1298,4200.0
1299,4200.0
1300,4204.592592592592
1301,4204.592592592592
1302,4204.592592592592
1303,4208.0
1304,4216.235294117647
1305,4216.235294117647
1306,4223.04347826087
1307,4223.04347826087
1308,4223.04347826087
1309,4239.878787878788
1310,4239.878787878788
1311,4239.878787878788
1312,4242.714285714285
1313,4244.25
1314,4246.142857142857
1315,4250.555555555556
1316,4256.916666666667
1317,4266.263157894737
1318,4266.263157894737
1319,4270.666666666667
1320,4270.666666666667
1321,4270.666666666667
1322,4270.666666666667
1323,4277.2
1324,4284.7
1325,4284.7
1326,4295.178571428572
1327,4295.178571428572
1328,4295.178571428572
1329,4303.785714285715
1330,4303.785714285715
1331,4312.0
1332,4312.0
1333,4312.0
1334,4318.5
1335,4321.5
1336,4326.894736842105
1337,4326.894736842105
1338,4331.636363636364
1339,4335.0
1340,4344.928571428572
1341,4344.928571428572
1342,4353.888888888889
1343,4356.933333333333
1344,4356.933333333333
1345,4364.1
1346,4366.4
1347,4373.083333333333
1348,4378.5
1349,4379.772727272727
1350,4379.772727272727
1351,4379.772727272727
1352,4390.357142857143
1353,4390.357142857143
1354,4403.857142857143
1355,4406.888888888889
1356,4406.888888888889
1357,4408.538461538462
1358,4408.538461538462
1359,4414.333333333333
1360,4414.333333333333
1361,4414.333333333333
1362,4429.324324324324
1363,4429.324324324324
1364,4429.324324324324
1365,4429.324324324324
1366,4432.454545454545
1367,4443.0
1368,4443.0
1369,4444.0
1370,4449.333333333333
1371,4449.333333333333
1372,4453.625
1373,4455.4
1374,4469.0526315789475
1375,4469.0526315789475
1376,4470.714285714285
1377,4484.4
1378,4486.2307692307695
1379,4486.2307692307695
1380,4486.2307692307695
1381,4486.2307692307695
1382,4487.7
1383,4502.363636363636
1384,4502.363636363636
1385,4502.363636363636
1386,4511.416666666667
1387,4511.416666666667
1388,4511.416666666667
1389,4514.85
1390,4514.85
1391,4528.375
1392,4530.833333333333
1393,4539.722222222223
1394,4539.722222222223
1395,4539.722222222223
1396,4539.722222222223
1397,4546.285714285715
1398,4546.285714285715
1399,4550.857142857143
1400,4552.6
1401,4558.75
1402,4561.25
1403,4572.166666666667
1404,4576.4
1405,4579.714285714285
1406,4590.0344827586205
1407,4590.0344827586205
1408,4590.0344827586205
1409,4590.0344827586205
1410,4594.0
1411,4594.0
1412,4599.466666666666
1413,4599.466666666666
1414,4611.7692307692305
1415,4611.7692307692305
1416,4619.318181818182
1417,4619.318181818182
1418,4619.318181818182
1419,4619.318181818182
1420,4623.375
1421,4635.75
1422,4635.75
1423,4639.615384615385
1424,4642.307692307692
1425,4652.75
1426,4657.8
1427,4657.8
1428,4658.166666666667
1429,4665.266666666666
1430,4673.416666666667
1431,4673.416666666667
1432,4673.416666666667
1433,4673.416666666667
1434,4673.416666666667
1435,4678.0
1436,4695.818181818182
1437,4695.818181818182
1438,4695.818181818182
1439,4700.608695652174
1440,4700.608695652174
1441,4700.608695652174
1442,4711.75
1443,4711.75
1444,4711.75
1445,4717.571428571428
1446,4724.25
1447,4724.25
1448,4731.142857142857
1449,4735.736842105263
1450,4735.736842105263
1451,4738.888888888889
1452,4743.454545454545
1453,4743.454545454545
1454,4746.583333333333
1455,4748.5
1456,4760.75
1457,4771.928571428572
1458,4771.928571428572
1459,4771.928571428572
1460,4771.928571428572
1461,4779.0
1462,4780.571428571428
1463,4787.9473684210525
1464,4787.9473684210525
1465,4799.25
1466,4803.952380952381
1467,4803.952380952381
1468,4806.0
1469,4806.0
1470,4809.9375
1471,4809.9375
1472,4818.6
1473,4818.6
1474,4818.6
1475,4821.0
1476,4821.0
1477,4841.166666666667
1478,4841.166666666667
1479,4853.444444444444
1480,4853.714285714285
1481,4853.714285714285
1482,4853.714285714285
1483,4853.714285714285
1484,4865.0
1485,4867.714285714285
1486,4877.142857142857
1487,4877.142857142857
1488,4877.142857142857
1489,4877.142857142857
1490,4884.695652173913
1491,4884.695652173913
1492,4884.695652173913
1493,4906.727272727273
1494,4906.727272727273
1495,4907.2
1496,4907.2
1497,4907.2
1498,4907.2
1499,4913.428571428572
1500,4920.285714285715
1501,4926.55
1502,4926.55
1503,4926.55
1504,4932.333333333333
1505,4937.709677419355
1506,4937.709677419355
1507,4937.709677419355
1508,4943.833333333333
1509,4951.9047619047615
1510,4951.9047619047615
1511,4951.9047619047615
1512,4957.333333333333
1513,4962.909090909091
1514,4968.0
1515,4972.6
1516,4981.142857142857
1517,4984.5
1518,4984.5
1519,4987.0
1520,4987.0
1521,4987.0
1522,4997.8
1523,4999.7
1524,5003.307692307692
1525,5003.307692307692
1526,5003.307692307692
1527,5003.5
1528,5010.777777777777
1529,5026.375
1530,5026.375
1531,5034.285714285715
1532,5034.285714285715
1533,5034.285714285715
1534,5036.875
1535,5049.407407407408
1536,5049.407407407408
1537,5049.407407407408
1538,5049.407407407408
1539,5063.388888888889
1540,5063.388888888889
1541,5066.384615384615
1542,5066.384615384615
1543,5067.1
1544,5072.636363636364
1545,5072.636363636364
1546,5087.380952380952
1547,5087.380952380952
1548,5087.380952380952
1549,5094.6
1550,5097.4
1551,5109.166666666667
1552,5111.92
1553,5111.92
1554,5111.92
1555,5123.206896551724
1556,5123.206896551724
1557,5123.206896551724
1558,5130.225806451613
1559,5130.225806451613
1560,5130.225806451613
1561,5130.225806451613
1562,5139.818181818182
1563,5139.818181818182
1564,5146.454545454545
1565,5146.454545454545
1566,5146.454545454545
1567,5167.772727272727
1568,5167.772727272727
1569,5183.2
1570,5183.2
1571,5183.2
1572,5183.2
1573,5187.5
1574,5194.888888888889
1575,5197.333333333333
1576,5197.333333333333
1577,5197.333333333333
1578,5205.818181818182
1579,5205.818181818182
1580,5209.777777777777
1581,5210.0
1582,5210.0
1583,5210.0
1584,5210.75
1585,5232.333333333333
1586,5233.066666666667
1587,5233.066666666667
1588,5233.066666666667
1589,5237.923076923077
1590,5237.923076923077
1591,5249.6
1592,5252.916666666667
1593,5252.916666666667
1594,5264.871794871795
1595,5264.871794871795
1596,5264.871794871795
1597,5264.871794871795
1598,5264.871794871795
1599,5276.9
1600,5276.9
1601,5282.4
1602,5282.4
1603,5289.8
1604,5292.0
1605,5299.25
1606,5303.333333333333
1607,5303.777777777777
1608,5303.777777777777
1609,5319.5142857142855
1610,5319.5142857142855
1611,5319.5142857142855
1612,5319.5142857142855
1613,5333.25
1614,5333.857142857143
1615,5336.666666666667
1616,5336.666666666667
1617,5341.0
1618,5343.7692307692305
1619,5343.7692307692305
1620,5343.7692307692305
1621,5362.090909090909
1622,5362.090909090909
1623,5362.090909090909
1624,5362.090909090909
1625,5381.628571428571
1626,5381.628571428571
1627,5381.628571428571
1628,5381.628571428571
1629,5381.628571428571
1630,5383.777777777777
1631,5383.777777777777
1632,5394.875
1633,5394.875
1634,5402.461538461538
1635,5402.461538461538
1636,5405.0
1637,5418.083333333333
1638,5418.083333333333
1639,5425.8
1640,5425.8
1641,5433.0
1642,5433.0
1643,5433.0
1644,5436.571428571428
1645,5439.222222222223
1646,5439.222222222223
1647,5449.64705882353
1648,5449.64705882353
1649,5456.2
1650,5456.2
1651,5459.0
1652,5470.466666666666
1653,5470.466666666666
1654,5470.466666666666
1655,5470.466666666666
1656,5478.285714285715
1657,5487.75
1658,5487.75
1659,5493.916666666667
1660,5501.315789473684
1661,5501.315789473684
1662,5504.272727272727
1663,5506.823529411765
1664,5506.823529411765
1665,5509.4
1666,5514.636363636364
1667,5525.8421052631575
1668,5525.8421052631575
1669,5529.0
1670,5529.0
1671,5530.0
1672,5543.3125
1673,5543.3125
1674,5554.166666666667
1675,5554.166666666667
1676,5554.166666666667
1677,5554.166666666667
1678,5560.75
1679,5561.6
1680,5571.666666666667
1681,5571.666666666667
1682,5571.666666666667
1683,5574.3125
1684,5574.3125
1685,5585.2
1686,5590.142857142857
1687,5593.789473684211
1688,5593.789473684211
1689,5593.789473684211
1690,5603.416666666667
1691,5603.5
1692,5618.117647058823
1693,5618.117647058823
1694,5621.363636363636
1695,5626.090909090909
1696,5626.090909090909
1697,5626.090909090909
1698,5634.0
1699,5643.888888888889
1700,5643.888888888889
1701,5643.888888888889
1702,5645.625
1703,5656.666666666667
1704,5657.428571428572
1705,5657.428571428572
1706,5660.555555555556
1707,5670.192307692308
1708,5670.192307692308
1709,5670.192307692308
1710,5677.4
1711,5681.0
1712,5683.333333333333
1713,5693.0
1714,5697.285714285715
1715,5697.285714285715
1716,5698.95
1717,5698.95
1718,5700.846153846154
1719,5700.846153846154
1720,5708.85
1721,5708.85
1722,5725.2
1723,5725.684210526316
1724,5725.684210526316
1725,5730.75
1726,5730.75
1727,5734.0
1728,5740.571428571428
1729,5747.333333333333
1730,5758.139534883721
1731,5758.139534883721
1732,5758.139534883721
1733,5758.139534883721
1734,5759.5
1735,5760.3
1736,5770.571428571428
1737,5776.85
1738,5776.85
1739,5780.5
1740,5780.5
1741,5793.692307692308
1742,5793.692307692308
1743,5797.588235294118
1744,5797.588235294118
1745,5808.8
1746,5808.8
1747,5812.1
1748,5818.533333333334
1749,5818.533333333334
1750,5822.333333333333
1751,5832.217391304348
1752,5832.217391304348
1753,5832.217391304348
1754,5834.5
1755,5844.545454545455
1756,5844.545454545455
1757,5850.5
1758,5851.333333333333
1759,5855.333333333333
1760,5860.727272727273
1761,5861.714285714285
1762,5865.8
1763,5874.2
1764,5876.222222222223
1765,5879.888888888889
1766,5879.888888888889
1767,5883.941176470588
1768,5883.941176470588
1769,5890.0
1770,5890.0
1771,5895.266666666666
1772,5895.266666666666
1773,5904.166666666667
1774,5911.0
1775,5913.4
1776,5920.4375
1777,5920.4375
1778,5928.090909090909
1779,5928.090909090909
1780,5931.454545454545
1781,5936.333333333333
1782,5943.1578947368425
1783,5943.1578947368425
1784,5946.133333333333
1785,5946.133333333333
1786,5947.333333333333
1787,5961.285714285715
1788,5961.285714285715
1789,5965.0
1790,5967.0
1791,5977.166666666667
1792,5980.090909090909
1793,5980.090909090909
1794,5980.090909090909
1795,5980.333333333333
1796,5989.666666666667
1797,5998.380952380952
1798,5998.380952380952
1799,6004.5
1800,6010.75
1801,6014.714285714285
1802,6016.0
1803,6017.0
1804,6023.105263157895
1805,6023.105263157895
1806,6023.105263157895
1807,6028.2307692307695
1808,6034.2
1809,6034.2
1810,6040.625
1811,6048.5
1812,6051.117647058823
1813,6051.117647058823
1814,6064.0
1815,6065.285714285715
1816,6066.5
1817,6069.888888888889
1818,6069.888888888889
1819,6078.25
1820,6082.4
1821,6082.4
1822,6086.454545454545
1823,6086.454545454545
1824,6100.375
1825,6101.642857142857
1826,6101.642857142857
1827,6110.266666666666
1828,6110.266666666666
1829,6117.105263157895
1830,6117.105263157895
1831,6117.105263157895
1832,6117.105263157895
1833,6131.4
1834,6132.888888888889
1835,6136.8
1836,6140.2
1837,6142.461538461538
1838,6148.285714285715
1839,6148.285714285715
1840,6152.75
1841,6155.076923076923
1842,6155.076923076923
1843,6170.8
1844,6175.181818181818
1845,6175.181818181818
1846,6175.181818181818
1847,6182.368421052632
1848,6182.368421052632
1849,6183.0
1850,6188.2307692307695
1851,6197.428571428572
1852,6203.071428571428
1853,6203.071428571428
1854,6203.071428571428
1855,6205.0
1856,6212.714285714285
1857,6218.571428571428
1858,6220.777777777777
1859,6223.6
1860,6223.6
1861,6234.2
1862,6235.857142857143
1863,6237.363636363636
1864,6242.6
1865,6243.444444444444
1866,6255.642857142857
1867,6255.642857142857
1868,6255.642857142857
1869,6260.777777777777
1870,6262.8
1871,6267.125
1872,6273.8
1873,6274.714285714285
1874,6282.7
1875,6285.692307692308
1876,6285.692307692308
1877,6285.692307692308
1878,6293.615384615385
1879,6293.615384615385
1880,6302.0
1881,6304.222222222223
1882,6304.222222222223
1883,6313.8
1884,6317.2307692307695
1885,6317.2307692307695
1886,6319.666666666667
1887,6324.285714285715
1888,6334.5
1889,6337.0
1890,6344.105263157895
1891,6344.105263157895
1892,6347.0
1893,6347.083333333333
1894,6354.0
1895,6356.666666666667
1896,6364.071428571428
1897,6364.071428571428
1898,6367.0
1899,6375.444444444444
1900,6375.444444444444
1901,6379.0
1902,6386.193548387097
1903,6386.193548387097
1904,6386.193548387097
1905,6387.4
1906,6393.181818181818
1907,6402.277777777777
1908,6402.277777777777
1909,6412.363636363636
1910,6414.666666666667
1911,6417.4
1912,6417.916666666667
1913,6420.0
1914,6430.714285714285
1915,6435.304347826087
1916,6435.304347826087
1917,6438.25
1918,6440.888888888889
1919,6446.333333333333
1920,6446.583333333333
1921,6450.8
1922,6455.2
1923,6461.125
1924,6466.875
1925,6470.75
1926,6473.0
1927,6476.478260869565
1928,6476.478260869565
1929,6480.0
1930,6486.166666666667
1931,6497.8
1932,6497.8
1933,6505.0
1934,6505.578947368421
1935,6505.578947368421
1936,6505.578947368421
1937,6514.3
1938,6514.3
1939,6517.8
1940,6522.7
1941,6522.7
1942,6530.571428571428
1943,6542.821428571428
1944,6542.821428571428
1945,6542.821428571428
1946,6544.222222222223
1947,6545.0
1948,6546.625
1949,6550.5
1950,6561.777777777777
1951,6561.777777777777
1952,6564.285714285715
1953,6572.2
1954,6574.0625
1955,6574.0625
1956,6584.6
1957,6584.625
1958,6586.285714285715
1959,6599.4
1960,6599.4
1961,6599.4
1962,6608.909090909091
1963,6608.909090909091
1964,6613.875
1965,6621.074074074074
1966,6621.074074074074
1967,6621.074074074074
1968,6625.5
1969,6642.6274509803925
1970,6642.6274509803925
1971,6642.6274509803925
1972,6642.6274509803925
1973,6642.6274509803925
1974,6651.470588235294
1975,6651.470588235294
1976,6659.529411764706
1977,6659.529411764706
1978,6670.25
1979,6671.0
1980,6671.363636363636
1981,6678.692307692308
1982,6678.692307692308
1983,6688.4
1984,6688.4
1985,6690.333333333333
1986,6691.375
1987,6704.0
1988,6711.0
1989,6711.0
1990,6711.428571428572
1991,6715.090909090909
1992,6715.714285714285
1993,6722.875
1994,6725.4
1995,6729.833333333333
1996,6731.2
1997,6740.333333333333
1998,6742.470588235294
1999,6742.470588235294
2000,6742.470588235294
2001,6747.125
2002,6749.6
2003,6761.035714285715
2004,6761.035714285715
2005,6761.035714285715
2006,6765.5
2007,6780.058823529412
2008,6780.058823529412
2009,6781.5
2010,6791.5
2011,6791.5
2012,6791.5
2013,6794.142857142857
2014,6797.888888888889
2015,6806.375
2016,6809.833333333333
2017,6812.888888888889
2018,6816.857142857143
2019,6821.642857142857
2020,6823.0
2021,6823.315789473684
2022,6823.315789473684
2023,6834.5
2024,6840.333333333333
2025,6840.333333333333
2026,6844.166666666667
2027,6849.117647058823
2028,6849.117647058823
2029,6860.333333333333
2030,6862.666666666667
2031,6862.666666666667
2032,6868.470588235294
2033,6868.470588235294
2034,6874.285714285715
2035,6880.888888888889
2036,6892.5
2037,6892.5
2038,6892.5
2039,6895.125
2040,6897.714285714285
2041,6903.428571428572
2042,6912.72
2043,6912.72
2044,6912.72
2045,6912.72
2046,6918.0
2047,6926.2
2048,6926.2
2049,6938.114285714286
2050,6938.114285714286
2051,6938.114285714286
2052,6938.114285714286
2053,6943.875
2054,6951.571428571428
2055,6955.357142857143
2056,6955.357142857143
2057,6958.5
2058,6965.0
2059,6968.75
2060,6968.75
2061,6975.25
2062,6978.0
2063,6984.0
2064,6987.142857142857
2065,6987.142857142857
2066,6992.090909090909
2067,6996.75
2068,7003.666666666667
2069,7006.7692307692305
2070,7012.1
2071,7013.8125
2072,7013.8125
2073,7017.5
2074,7024.583333333333
2075,7030.0
2076,7030.0
2077,7038.0
2078,7038.0
2079,7043.0
2080,7051.652173913043
2081,7051.652173913043
2082,7051.652173913043
2083,7057.071428571428
2084,7057.071428571428
2085,7061.25
2086,7061.25
2087,7075.6
2088,7076.5
2089,7078.428571428572
2090,7089.3125
2091,7089.3125
2092,7094.272727272727
2093,7094.272727272727
2094,7094.272727272727
2095,7101.0
2096,7101.0
2097,7118.291666666667
2098,7118.291666666667
2099,7118.291666666667
2100,7124.875
2101,7124.875
2102,7132.7
2103,7132.9
2104,7143.333333333333
2105,7143.333333333333
2106,7143.333333333333
2107,7148.888888888889
2108,7149.272727272727
2109,7158.5
2110,7167.166666666667
2111,7167.166666666667
2112,7167.166666666667
2113,7176.148148148148
2114,7176.148148148148
2115,7176.148148148148
2116,7185.066666666667
2117,7185.066666666667
2118,7188.9
2119,7189.0
2120,7193.555555555556
2121,7207.111111111111
2122,7207.111111111111
2123,7207.111111111111
2124,7209.545454545455
2125,7217.875
2126,7218.285714285715
2127,7219.363636363636
2128,7225.916666666667
2129,7228.6
2130,7233.666666666667
2131,7236.307692307692
2132,7236.307692307692
2133,7242.416666666667
2134,7249.8
2135,7249.8
2136,7261.526315789473
2137,7261.526315789473
2138,7261.923076923077
2139,7269.6
2140,7270.0
2141,7274.857142857143
2142,7279.833333333333
2143,7291.833333333333
2144,7293.625
2145,7294.9
2146,7294.9
2147,7302.235294117647
2148,7302.235294117647
2149,7309.285714285715
2150,7312.7
2151,7312.7
2152,7317.666666666667
2153,7318.428571428572
2154,7320.166666666667
2155,7328.714285714285
2156,7330.714285714285
2157,7330.714285714285
2158,7347.3125
2159,7347.3125
2160,7349.25
2161,7353.6
2162,7355.0
2163,7356.222222222223
2164,7356.222222222223
2165,7371.7692307692305
2166,7371.7692307692305
2167,7372.6
2168,7372.75
2169,7385.785714285715
2170,7385.785714285715
2171,7392.28125
2172,7392.28125
2173,7392.28125
2174,7396.222222222223
2175,7404.25
2176,7406.111111111111
2177,7413.6
2178,7415.142857142857
2179,7415.4
2180,7420.875
2181,7424.5
2182,7424.5
2183,7432.333333333333
2184,7437.428571428572
2185,7446.9
2186,7448.444444444444
2187,7450.5
2188,7453.75
2189,7458.285714285715
2190,7458.285714285715
2191,7464.535714285715
2192,7464.535714285715
2193,7471.333333333333
2194,7472.727272727273
2195,7475.166666666667
2196,7481.888888888889
2197,7487.125
2198,7495.294117647059
2199,7495.294117647059
2200,7500.2
2201,7501.75
2202,7502.5
2203,7511.4
2204,7514.090909090909
2205,7517.142857142857
2206,7521.375
2207,7523.0
2208,7530.545454545455
2209,7534.666666666667
2210,7535.555555555556
2211,7540.285714285715
2212,7541.153846153846
2213,7545.0
2214,7551.5
2215,7552.0
2216,7555.444444444444
2217,7563.7
2218,7565.7
2219,7570.625
2220,7571.8
2221,7578.285714285715
2222,7583.75
2223,7583.75
2224,7585.75
2225,7593.0
2226,7599.6
2227,7599.6
2228,7601.7
2229,7607.666666666667
2230,7613.75
2231,7613.75
2232,7620.111111111111
2233,7621.0
2234,7628.8
2235,7628.8
2236,7635.090909090909
2237,7639.2
2238,7639.6
2239,7648.777777777777
2240,7650.75
2241,7655.333333333333
2242,7655.75
2243,7657.0
2244,7665.625
2245,7667.111111111111
2246,7669.25
2247,7675.75
2248,7679.857142857143
2249,7681.142857142857
2250,7689.333333333333
2251,7691.571428571428
2252,7693.0
2253,7697.833333333333
2254,7699.0
2255,7703.9
2256,7708.666666666667
2257,7708.666666666667
2258,7716.9
2259,7717.142857142857
2260,7725.9
2261,7728.761904761905
2262,7728.761904761905
2263,7736.125
2264,7739.111111111111
2265,7742.333333333333
2266,7746.142857142857
2267,7752.857142857143
2268,7755.75
2269,7755.833333333333
2270,7760.5
2271,7764.142857142857
2272,7767.333333333333
2273,7776.714285714285
2274,7776.714285714285
2275,7780.428571428572
2276,7785.666666666667
2277,7788.692307692308
2278,7793.888888888889
2279,7796.571428571428
2280,7801.2
2281,7803.0
2282,7805.714285714285
2283,7813.3125
2284,7813.3125
2285,7815.818181818182
2286,7823.692307692308
2287,7828.166666666667
2288,7828.2
2289,7833.0
2290,7836.0
2291,7838.888888888889
2292,7843.666666666667
2293,7847.666666666667
2294,7848.9
2295,7855.285714285715
2296,7860.428571428572
2297,7864.5
2298,7865.222222222223
2299,7874.888888888889
2300,7877.076923076923
2301,7878.642857142857
2302,7881.25
2303,7888.3
2304,7889.666666666667
2305,7892.888888888889
2306,7899.777777777777
2307,7902.285714285715
2308,7903.4375
2309,7903.4375
